surname|name|second_name|date_of_birth|address|site|telephone|email|skype|telegram|is_head|is_party|is_man|party_propose|division
Морев|Андрей|Зиновьевич|1974-12-17|Москва||74957405210|info@mo-yakimanka.ru|||1|1|1|Партия "Яблоко"|2
Зеленов|Дмитрий|Геннадьевич||Москва||79771820373|dz@galapro.net|zelenovdm|@Dmitry_Zelenov|0|0|1|Партия "Яблоко"|2
Петров|Дмитрий|Александрович||Москва||79162276687|petrov1c@pm.me|||0|0|1|Партия "Яблоко"|1
Трясцын|Владимир|Юрьевич|1967-11-07|Москва||79161140934|vladimir.tryastsyn@gmail.com|xtvu_mos|@tvumos|0|1|1|Партия "Яблоко"|1
Гордеев|Андрей|Григорьевич||Москва||79161857577|deputatgordeev@gmail.com|||0|0|1|Партия "Яблоко"|2
Дикарев|Василий|Андреевич||Москва||79296538680|dikarev@rambler.ru|||0|1|1|Партия "Яблоко"|2
Зак|Михаил|Викторович||Москва||79859672893||||0|0|1|Партия "Яблоко"|2
Максимов|Дмитрий|Вячеславович||Москва||79299250520|dimaximow@gmail.com|||0|0|1|Партия "Яблоко"|1
Кузенкова|Наталья|Николаевна||Москва||74992385079|KuzenkovaNN@zdrav.mos.ru|||0|1|0|Партия "Единая Россия"|1
