Трясцын|Бюджетно-финансовая комиссия|Председатель комиссии
Гордеев|Бюджетно-финансовая комиссия|Член комиссии
Дикарев|Бюджетно-финансовая комиссия|Член комиссии
Кузенкова|Бюджетно-финансовая комиссия|Член комиссии
Зеленов|Бюджетно-финансовая комиссия|Член комиссии
Дикарев|Комиссия в сфере жилищно-коммунального хозяйства и экологии|Председатель комиссии
Зак|Комиссия в сфере жилищно-коммунального хозяйства и экологии|Член комиссии
Трясцын|Комиссия в сфере жилищно-коммунального хозяйства и экологии|Член комиссии
Зеленов|Комиссия по развитию Цифровой демократии|Председатель комиссии
Трясцын|Комиссия по развитию Цифровой демократии|Заместитель председателя комиссии
Гордеев|Комиссия по развитию Цифровой демократии|Член комиссии
Дикарев|Комиссия по развитию Цифровой демократии|Член комиссии
Петров|Комиссия по развитию Цифровой демократии|Член комиссии
Петров|Комиссия по благоустройству|Председатель комиссии
Морев|Комиссия по благоустройству|Член комиссии
Дикарев|Комиссия по благоустройству|Член комиссии
Зеленов|Комиссия по благоустройству|Член комиссии
Трясцын|Комиссия по благоустройству|Член комиссии
Петров|Рабочая группа по вопросам градостроительства и капитального ремонта|Председатель Рабочей группы
Дикарев|Рабочая группа по вопросам градостроительства и капитального ремонта|Член Рабочей группы
Зеленов|Рабочая группа по вопросам градостроительства и капитального ремонта|Член Рабочей группы
Максимов|Рабочая группа по вопросам градостроительства и капитального ремонта|Член Рабочей группы
