Гордеев|2020-03-16|10:00|11:00|Совет депутатов муниципального округа Якиманка
Дикарев|2020-03-18|14:00|16:00|Совет депутатов муниципального округа Якиманка
Зак|2020-03-18|17:00|18:00|Совет депутатов муниципального округа Якиманка
Зеленов|2020-03-26|17:00|19:00|Совет депутатов муниципального округа Якиманка
Кузенкова|2020-03-02|15:00|18:00|ГБУЗ «ГП № 68 ДЗМ»
Максимов|2020-03-04|14:00|16:00|Совет депутатов муниципального округа Якиманка
Петров|2020-03-05|18:00|20:00|Совет депутатов муниципального округа Якиманка
Петров|2020-03-12|18:00|20:00|Совет депутатов муниципального округа Якиманка
Петров|2020-03-19|18:00|20:00|Совет депутатов муниципального округа Якиманка
Петров|2020-03-26|18:00|20:00|Совет депутатов муниципального округа Якиманка
Трясцын|2020-03-24|18:00|19:00|Совет депутатов муниципального округа Якиманка
Морев|2020-03-03|17:00|19:00|Совет депутатов муниципального округа Якиманка кабинет Главы МО
Морев|2020-03-10|17:00|19:00|Совет депутатов муниципального округа Якиманка кабинет Главы МО
Морев|2020-03-17|17:00|19:00|Совет депутатов муниципального округа Якиманка кабинет Главы МО
Морев|2020-03-24|17:00|19:00|Совет депутатов муниципального округа Якиманка кабинет Главы МО
